C,epsilon,coeff,MEE_mean,MEE_std,seconds,gamma
0.0001,0.001,1.0,16.78689126397395,0.6539103981472546,0.6152045726776123,10.0
0.001,0.001,1.0,15.984659651661724,0.6357427086700125,0.5854485034942627,10.0
0.01,0.001,1.0,11.377397872007988,0.538160881960062,0.5827422142028809,10.0
0.1,0.001,1.0,16.88321217704498,0.18125523589838913,0.608802080154419,10.0
